{
  "total_time_diff": 6.801220599999397,
  "total_time_pct": 1.2640124037696356,
  "powerflow_diff": 0.15537222222565106,
  "powerflow_pct": 0.023264993394934767,
  "snapshot_diff": 22.074513888894217,
  "snapshot_pct": 1.8420280637137496,
  "iteration_diff": 23.56667673615084,
  "iteration_pct": 1.2627978310791659
}