{
  "total_time_diff": 2.3282215999999494,
  "total_time_pct": 1.3889597935354283,
  "powerflow_diff": 2.420971875005364,
  "powerflow_pct": 0.5678277781078971,
  "snapshot_diff": 4.466701736112526,
  "snapshot_pct": 2.9065745785039367,
  "iteration_diff": 8.096331597226254,
  "iteration_pct": 1.3958222478001667
}