{
  "total_time_diff": -127.17974592251892,
  "total_time_pct": -74.83754482900665,
  "powerflow_diff": -416.069261863426,
  "powerflow_pct": -99.05697910974925,
  "snapshot_diff": -25.210843064551966,
  "snapshot_pct": -15.002460618537402,
  "iteration_diff": -441.2881976363067,
  "iteration_pct": -75.03841488698878
}