{
  "total_time_diff": 2.492252100000087,
  "total_time_pct": 1.4023183897513132,
  "powerflow_diff": 2.1832906249983353,
  "powerflow_pct": 0.517338893351676,
  "snapshot_diff": 5.2351861111053495,
  "snapshot_pct": 2.711445500201103,
  "iteration_diff": 8.641481944459201,
  "iteration_pct": 1.404870865924029
}