{
  "total_time_diff": 1.56252121925354,
  "total_time_pct": 3.1390383466098752,
  "powerflow_diff": 0.4886272880766125,
  "powerflow_pct": 17.659395973154353,
  "snapshot_diff": 3.851710094345975,
  "snapshot_pct": 2.2925712008078207,
  "iteration_diff": 4.936934345298312,
  "iteration_pct": 2.8899772756824413
}