{
  "total_time_diff": 1.2760775089263916,
  "total_time_pct": 4.904918747534886,
  "powerflow_diff": 0.9221153126822581,
  "powerflow_pct": 32.68217097933728,
  "snapshot_diff": 3.454473283555785,
  "snapshot_pct": 3.991935052610804,
  "iteration_diff": 4.539307620790282,
  "iteration_pct": 5.0799247641584415
}