{
  "total_time_diff": 4.029642599999988,
  "total_time_pct": 1.2462525056636637,
  "powerflow_diff": 0.360393402773866,
  "powerflow_pct": 0.07212324866551718,
  "snapshot_diff": 12.351038194452713,
  "snapshot_pct": 1.989015924173774,
  "iteration_diff": 14.016801736103389,
  "iteration_pct": 1.2507608210436794
}