{
  "total_time_diff": 1.0883188247680664,
  "total_time_pct": 2.801714432644541,
  "powerflow_diff": -0.3254140416781106,
  "powerflow_pct": -8.568526940636081,
  "snapshot_diff": 2.856621311770567,
  "snapshot_pct": 2.2039315785952636,
  "iteration_diff": 3.07365341318976,
  "iteration_pct": 2.3038708596405577
}