{
  "total_time_diff": -127.94663105397035,
  "total_time_pct": -71.99187980770597,
  "powerflow_diff": -419.2563377451582,
  "powerflow_pct": -99.3443599841052,
  "snapshot_diff": -25.06900440346905,
  "snapshot_pct": -12.983920292750781,
  "iteration_diff": -444.2791092703876,
  "iteration_pct": -72.2277476206318
}