{
  "simulation_total": 42.76135277748108,
  "iteration_times": [
    0.1406269073486328,
    0.1562490463256836,
    0.1562666893005371,
    0.15624356269836426,
    0.14062976837158203,
    0.1406238079071045,
    0.1562652587890625,
    0.14062213897705078,
    0.14062857627868652,
    0.15625572204589844,
    0.14062809944152832,
    0.14062762260437012,
    0.1406254768371582,
    0.14063644409179688,
    0.15624713897705078,
    0.14063143730163574,
    0.14063048362731934,
    0.15624785423278809,
    0.14063239097595215,
    0.14063000679016113,
    0.15624642372131348,
    0.14063167572021484,
    0.1562511920928955,
    0.14063310623168945,
    0.14063215255737305,
    0.15625,
    0.14062929153442383,
    0.14062857627868652,
    0.15625357627868652,
    0.1406257152557373,
    0.140641450881958,
    0.14062118530273438,
    0.14063119888305664,
    0.15625977516174316,
    0.1406238079071045,
    0.14062285423278809,
    0.14062857627868652,
    0.1406245231628418,
    0.15625238418579102,
    0.14063382148742676,
    0.14062714576721191,
    0.14063024520874023,
    0.14062929153442383,
    0.15625762939453125,
    0.14063239097595215,
    0.14062094688415527,
    0.1406238079071045,
    0.14063334465026855,
    0.1562514305114746,
    0.14062738418579102,
    0.14062905311584473,
    0.15625691413879395,
    0.14062762260437012,
    0.15625405311584473,
    0.14063024520874023,
    0.1406269073486328,
    0.15625500679016113,
    0.14062285423278809,
    0.15625309944152832,
    0.14063477516174316,
    0.1406269073486328,
    0.15625643730163574,
    0.14062809944152832,
    0.1562514305114746,
    0.14063072204589844,
    0.14063167572021484,
    0.15624690055847168,
    0.14063191413879395,
    0.15625452995300293,
    0.1406247615814209,
    0.14062976837158203,
    0.1406264305114746,
    0.14063119888305664,
    0.15625452995300293,
    0.14063549041748047,
    0.1562495231628418,
    0.14062952995300293,
    0.14062738418579102,
    0.14062762260437012,
    0.14062881469726562,
    0.14062833786010742,
    0.1406238079071045,
    0.15625739097595215,
    0.14063119888305664,
    0.14062952995300293,
    0.14062952995300293,
    0.14063024520874023,
    0.15625739097595215,
    0.14062762260437012,
    0.15627002716064453,
    0.14060568809509277,
    0.15626311302185059,
    0.1406252384185791,
    0.15626001358032227,
    0.14062023162841797,
    0.14063286781311035,
    0.14062809944152832,
    0.14062762260437012,
    0.1562507152557373,
    0.14063215255737305,
    0.15625333786010742,
    0.1406254768371582,
    0.14063334465026855,
    0.14062905311584473,
    0.14063596725463867,
    0.15624785423278809,
    0.1406238079071045,
    0.15625333786010742,
    0.14063215255737305,
    0.15625452995300293,
    0.14063048362731934,
    0.1406240463256836,
    0.15625977516174316,
    0.14062261581420898,
    0.15625882148742676,
    0.14062833786010742,
    0.15625524520874023,
    0.14062881469726562,
    0.1562516689300537,
    0.14063191413879395,
    0.14062833786010742,
    0.14063501358032227,
    0.14061975479125977,
    0.15625476837158203,
    0.14062714576721191,
    0.15625381469726562,
    0.1406264305114746,
    0.15626096725463867,
    0.14062857627868652,
    0.15625333786010742,
    0.1406242847442627,
    0.15625739097595215,
    0.140625,
    0.15625762939453125,
    0.14063334465026855,
    0.1406242847442627,
    0.14062285423278809,
    0.14063167572021484,
    0.1406245231628418,
    0.14063024520874023,
    0.1562516689300537,
    0.14063096046447754,
    0.15625476837158203,
    0.1406254768371582,
    0.15625667572021484,
    0.14063048362731934,
    0.15625262260437012,
    0.14063072204589844,
    0.15625238418579102,
    0.14063405990600586,
    0.15624499320983887,
    0.14063215255737305,
    0.1562504768371582,
    0.14063405990600586,
    0.1562488079071045,
    0.14063286781311035,
    0.1562492847442627,
    0.14063000679016113,
    0.15625715255737305,
    0.1406242847442627,
    0.15625858306884766,
    0.14062190055847168,
    0.15626096725463867,
    0.1406264305114746,
    0.15625452995300293,
    0.14062809944152832,
    0.15625548362731934,
    0.1406245231628418,
    0.15626096725463867,
    0.1406259536743164,
    0.15626144409179688,
    0.14061570167541504,
    0.15625834465026855,
    0.14062738418579102,
    0.15625286102294922,
    0.1406247615814209,
    0.1562635898590088,
    0.1406240463256836,
    0.15625452995300293,
    0.1406266689300537,
    0.15625810623168945,
    0.15625333786010742,
    0.14062237739562988,
    0.1406235694885254,
    0.14062929153442383,
    0.14062833786010742,
    0.15644145011901855,
    0.13507533073425293,
    0.14061641693115234,
    0.1718885898590088,
    0.15624165534973145,
    0.14062905311584473,
    0.15625596046447754,
    0.1406245231628418,
    0.1406245231628418,
    0.14062738418579102,
    0.14063668251037598,
    0.15624332427978516,
    0.1406393051147461,
    0.15626001358032227,
    0.14061737060546875,
    0.15625357627868652,
    0.1406261920928955,
    0.15625572204589844,
    0.14063215255737305,
    0.15625309944152832,
    0.1406261920928955,
    0.15625238418579102,
    0.14063191413879395,
    0.1406259536743164,
    0.14062881469726562,
    0.14062857627868652,
    0.15625286102294922,
    0.14062952995300293,
    0.15625643730163574,
    0.1406264305114746,
    0.1562516689300537,
    0.14063310623168945,
    0.15625286102294922,
    0.14062714576721191,
    0.14062786102294922,
    0.15625452995300293,
    0.14062786102294922,
    0.15625548362731934,
    0.1406242847442627,
    0.15625810623168945,
    0.14062786102294922,
    0.15625429153442383,
    0.15625286102294922,
    0.14063525199890137,
    0.15624499320983887,
    0.1406266689300537,
    0.15625858306884766,
    0.14062857627868652,
    0.15625381469726562,
    0.1406261920928955,
    0.15625667572021484,
    0.1406261920928955,
    0.1406266689300537,
    0.15625452995300293,
    0.14062905311584473,
    0.15625214576721191,
    0.14062905311584473,
    0.15626740455627441,
    0.15624213218688965,
    0.1406233310699463,
    0.15625810623168945,
    0.14062857627868652,
    0.1562483310699463,
    0.14063024520874023,
    0.14063239097595215,
    0.15625619888305664,
    0.1406269073486328,
    0.1562488079071045,
    0.14063382148742676,
    0.1562509536743164,
    0.14063096046447754,
    0.1406245231628418,
    0.15625834465026855,
    0.14062833786010742,
    0.15625214576721191,
    0.15625476837158203,
    0.14062762260437012,
    0.15625500679016113,
    0.14062833786010742,
    0.1562511920928955,
    0.14062857627868652,
    0.1406238079071045,
    0.15625357627868652,
    0.14062952995300293,
    0.1562514305114746,
    0.14063048362731934,
    0.1406252384185791,
    0.1562662124633789,
    0.14062023162841797,
    0.1562507152557373,
    0.14062714576721191,
    0.14062976837158203,
    0.1562490463256836,
    0.14063048362731934,
    0.1562509536743164,
    0.14062833786010742,
    0.14063310623168945,
    0.15624785423278809,
    0.1562633514404297,
    0.14062142372131348,
    0.15625715255737305,
    0.14062833786010742
  ],