{
  "simulation_total": 49.77706694602966,
  "iteration_times": [
    0.1562519073486328,
    0.17187857627868652,
    0.17187952995300293,
    0.17187976837158203,
    0.17188119888305664,
    0.15625596046447754,
    0.1562507152557373,
    0.1718757152557373,
    0.17188477516174316,
    0.17187905311584473,
    0.1718900203704834,
    0.15624308586120605,
    0.15625596046447754,
    0.15624713897705078,
    0.17188000679016113,
    0.17188167572021484,
    0.17188143730163574,
    0.17187786102294922,
    0.17188048362731934,
    0.15625381469726562,
    0.15625333786010742,
    0.17188310623168945,
    0.1718754768371582,
    0.17188286781311035,
    0.17188000679016113,
    0.17188024520874023,
    0.15625619888305664,
    0.15624642372131348,
    0.15624403953552246,
    0.15626049041748047,
    0.1718764305114746,
    0.17187952995300293,
    0.17187952995300293,
    0.17188429832458496,
    0.17187929153442383,
    0.1718759536743164,
    0.15625619888305664,
    0.15625286102294922,
    0.17188119888305664,
    0.1718761920928955,
    0.17188429832458496,
    0.17187905311584473,
    0.17187738418579102,
    0.1718738079071045,
    0.17188549041748047,
    0.1718766689300537,
    0.17187929153442383,
    0.17187833786010742,
    0.17188358306884766,
    0.15625238418579102,
    0.15625476837158203,
    0.17187976837158203,
    0.17188143730163574,
    0.17187285423278809,
    0.17187952995300293,
    0.17188358306884766,
    0.171875,
    0.17187976837158203,
    0.17188310623168945,
    0.17187881469726562,
    0.17188191413879395,
    0.1718738079071045,
    0.17188000679016113,
    0.17188310623168945,
    0.1718754768371582,
    0.17188239097595215,
    0.17188000679016113,
    0.17187833786010742,
    0.1718766689300537,
    0.17188262939453125,
    0.17187881469726562,
    0.17188119888305664,
    0.171875,
    0.17188143730163574,
    0.17188143730163574,
    0.17189407348632812,
    0.17186355590820312,
    0.1718759536743164,
    0.17188382148742676,
    0.1718769073486328,
    0.17188048362731934,
    0.17187905311584473,
    0.17187929153442383,
    0.17187714576721191,
    0.17188382148742676,
    0.171875,
    0.17187905311584473,
    0.17188525199890137,
    0.17188048362731934,
    0.17187809944152832,
    0.15625333786010742,
    0.15625452995300293,
    0.15624403953552246,
    0.15625262260437012,
    0.17188215255737305,
    0.15624332427978516,
    0.1562519073486328,
    0.15625524520874023,
    0.1562507152557373,
    0.1562519073486328,
    0.1562519073486328,
    0.15625691413879395,
    0.15625953674316406,
    0.1718735694885254,
    0.17187905311584473,
    0.17188143730163574,
    0.17188143730163574,
    0.1718759536743164,
    0.1718742847442627,
    0.17189884185791016,
    0.17186760902404785,
    0.1718742847442627,
    0.17187905311584473,
    0.17187929153442383,
    0.17187905311584473,
    0.17188048362731934,
    0.17188262939453125,
    0.1718757152557373,
    0.17187929153442383,
    0.17187952995300293,
    0.17188310623168945,
    0.17188048362731934,
    0.17187905311584473,
    0.17188334465026855,
    0.1718735694885254,
    0.17187905311584473,
    0.17188262939453125,
    0.1718909740447998,
    0.17186665534973145,
    0.17187976837158203,
    0.17188024520874023,
    0.1718757152557373,
    0.17188024520874023,
    0.17188239097595215,
    0.17187786102294922,
    0.17187762260437012,
    0.17188096046447754,
    0.17188119888305664,
    0.17187857627868652,
    0.17187976837158203,
    0.17187809944152832,
    0.17187976837158203,
    0.17187762260437012,
    0.17188143730163574,
    0.17187809944152832,
    0.17187809944152832,
    0.17187762260437012,
    0.17187881469726562,
    0.17187976837158203,
    0.17188143730163574,
    0.17188167572021484,
    0.17187881469726562,
    0.17188024520874023,
    0.17188143730163574,
    0.1562511920928955,
    0.1562492847442627,
    0.17187833786010742,
    0.1718747615814209,
    0.17188286781311035,
    0.17187929153442383,
    0.17186999320983887,
    0.17188668251037598,
    0.17188072204589844,
    0.17187809944152832,
    0.171875,
    0.17188572883605957,
    0.17188167572021484,
    0.1718752384185791,
    0.17187047004699707,
    0.17188405990600586,
    0.17187952995300293,
    0.17187833786010742,
    0.1718752384185791,
    0.17188167572021484,
    0.17188143730163574,
    0.1718764305114746,
    0.1875004768371582,
    0.1718893051147461,
    0.1718740463256836,
    0.17187786102294922,
    0.18750953674316406,
    0.17187738418579102,
    0.17188143730163574,
    0.1718754768371582,
    0.17188024520874023,
    0.17188429832458496,
    0.1718738079071045,
    0.17189359664916992,
    0.17186689376831055,
    0.17187952995300293,
    0.1718757152557373,
    0.17188024520874023,
    0.1718766689300537,
    0.17188239097595215,
    0.17188310623168945,
    0.17188525199890137,
    0.1718761920928955,
    0.17187738418579102,
    0.17187976837158203,
    0.17188167572021484,
    0.17188048362731934,
    0.17188191413879395,
    0.17187738418579102,
    0.17188358306884766,
    0.17188262939453125,
    0.1718757152557373,
    0.17188239097595215,
    0.1874988079071045,
    0.17188096046447754,
    0.17188119888305664,
    0.17188239097595215,
    0.17187118530273438,
    0.17188549041748047,
    0.17188048362731934,
    0.17188715934753418,
    0.1718742847442627,
    0.17188286781311035,
    0.17188096046447754,
    0.1875157356262207,
    0.18748855590820312,
    0.17188310623168945,
    0.17187976837158203,
    0.1718761920928955,
    0.17188549041748047,
    0.17188000679016113,
    0.1718757152557373,
    0.17187929153442383,
    0.17188334465026855,
    0.17187952995300293,
    0.17187833786010742,
    0.17187929153442383,
    0.18750619888305664,
    0.17187786102294922,
    0.1718766689300537,
    0.17188191413879395,
    0.17187905311584473,
    0.18750619888305664,
    0.17187905311584473,
    0.17188096046447754,
    0.1718730926513672,
    0.17188119888305664,
    0.17188167572021484,
    0.18750977516174316,
    0.1718757152557373,
    0.1718766689300537,
    0.16642212867736816,
    0.17187929153442383,
    0.17188000679016113,
    0.17187833786010742,
    0.1718759536743164,
    0.17188477516174316,
    0.17187952995300293,
    0.17187833786010742,
    0.17187905311584473,
    0.17188358306884766,
    0.1718761920928955,
    0.17187857627868652,
    0.1718759536743164,
    0.17188382148742676,
    0.17187833786010742,
    0.17188143730163574,
    0.17188024520874023,
    0.1718742847442627,
    0.17188167572021484,
    0.1718761920928955,
    0.17188644409179688,
    0.1718738079071045,
    0.17188000679016113,
    0.17188048362731934,
    0.1718740463256836,
    0.17188549041748047,
    0.1718766689300537,
    0.18750452995300293,
    0.17187738418579102,
    0.17188620567321777,
    0.1718766689300537,
    0.17187881469726562,
    0.18750405311584473,
    0.17188143730163574,
    0.1718742847442627,
    0.17187809944152832,
    0.17187857627868652,
    0.17188644409179688,
    0.17187905311584473,
    0.17188620567321777,
    0.1718740463256836,
    0.18750333786010742,
    0.17187833786010742
  ],