{
  "simulation_total": 43.82394576072693,
  "iteration_times": [
    0.14062166213989258,
    0.14062976837158203,
    0.15626096725463867,
    0.15625214576721191,
    0.1406266689300537,
    0.15625786781311035,
    0.1406242847442627,
    0.15625476837158203,
    0.14063072204589844,
    0.14062833786010742,
    0.15625500679016113,
    0.14062833786010742,
    0.1562514305114746,
    0.18751287460327148,
    0.14062047004699707,
    0.15625762939453125,
    0.14062857627868652,
    0.15625357627868652,
    0.1406242847442627,
    0.15625357627868652,
    0.15625667572021484,
    0.14063119888305664,
    0.1562488079071045,
    0.14062857627868652,
    0.15625429153442383,
    0.14063310623168945,
    0.15624690055847168,
    0.14063286781311035,
    0.14062929153442383,
    0.1562509536743164,
    0.14063262939453125,
    0.1562492847442627,
    0.14062929153442383,
    0.15625405311584473,
    0.1406259536743164,
    0.1406259536743164,
    0.15625524520874023,
    0.1406254768371582,
    0.15625309944152832,
    0.14063119888305664,
    0.15625524520874023,
    0.1406257152557373,
    0.14062762260437012,
    0.15625476837158203,
    0.1406233310699463,
    0.14062952995300293,
    0.15625214576721191,
    0.14062881469726562,
    0.1562509536743164,
    0.14063000679016113,
    0.14063072204589844,
    0.1562509536743164,
    0.14062976837158203,
    0.15625596046447754,
    0.15625357627868652,
    0.1406230926513672,
    0.15625739097595215,
    0.14062905311584473,
    0.14062809944152832,
    0.15625262260437012,
    0.14063000679016113,
    0.1406254768371582,
    0.15625739097595215,
    0.1406261920928955,
    0.15625643730163574,
    0.15625476837158203,
    0.14062738418579102,
    0.1562511920928955,
    0.15625810623168945,
    0.14062809944152832,
    0.15625214576721191,
    0.14062905311584473,
    0.14063286781311035,
    0.15625572204589844,
    0.14063167572021484,
    0.1562509536743164,
    0.15625357627868652,
    0.14062952995300293,
    0.15625357627868652,
    0.15625691413879395,
    0.1406254768371582,
    0.15625643730163574,
    0.1562488079071045,
    0.14063334465026855,
    0.15625286102294922,
    0.1406266689300537,
    0.1406247615814209,
    0.15625286102294922,
    0.14062976837158203,
    0.1406238079071045,
    0.15625691413879395,
    0.1562514305114746,
    0.14062905311584473,
    0.15625905990600586,
    0.15625309944152832,
    0.1406261920928955,
    0.15625429153442383,
    0.15625572204589844,
    0.1406261920928955,
    0.1562666893005371,
    0.15624022483825684,
    0.15625619888305664,
    0.14063000679016113,
    0.15625357627868652,
    0.15625333786010742,
    0.1406269073486328,
    0.15625691413879395,
    0.1562492847442627,
    0.14063024520874023,
    0.15625786781311035,
    0.1562483310699463,
    0.14063239097595215,
    0.14063000679016113,
    0.15625405311584473,
    0.15625667572021484,
    0.14061856269836426,
    0.15626192092895508,
    0.15625357627868652,
    0.1406247615814209,
    0.15625691413879395,
    0.1562504768371582,
    0.14062833786010742,
    0.1406247615814209,
    0.15625381469726562,
    0.15625500679016113,
    0.14062738418579102,
    0.15625596046447754,
    0.15624761581420898,
    0.14063310623168945,
    0.1406245231628418,
    0.15625905990600586,
    0.1562492847442627,
    0.14063262939453125,
    0.15625,
    0.15625381469726562,
    0.1406264305114746,
    0.1406259536743164,
    0.1562514305114746,
    0.15625905990600586,
    0.14062714576721191,
    0.14063096046447754,
    0.15625357627868652,
    0.15625429153442383,
    0.14062762260437012,
    0.1562488079071045,
    0.1562635898590088,
    0.1562502384185791,
    0.14062857627868652,
    0.15625286102294922,
    0.15625667572021484,
    0.1562516689300537,
    0.14062952995300293,
    0.15625357627868652,
    0.15625309944152832,
    0.1562647819519043,
    0.15624547004699707,
    0.1406233310699463,
    0.15625524520874023,
    0.15625214576721191,
    0.15625953674316406,
    0.1406245231628418,
    0.15625739097595215,
    0.15625667572021484,
    0.15624713897705078,
    0.14063072204589844,
    0.14062166213989258,
    0.15625524520874023,
    0.15624690055847168,
    0.14063692092895508,
    0.1562483310699463,
    0.15625858306884766,
    0.15625381469726562,
    0.14062714576721191,
    0.15625309944152832,
    0.15625810623168945,
    0.15625214576721191,
    0.1406269073486328,
    0.14061713218688965,
    0.15625452995300293,
    0.15625691413879395,
    0.15625429153442383,
    0.1562497615814209,
    0.14062905311584473,
    0.15625739097595215,
    0.15625452995300293,
    0.1562483310699463,
    0.14063000679016113,
    0.1406252384185791,
    0.15625572204589844,
    0.15624737739562988,
    0.15626096725463867,
    0.1406242847442627,
    0.14062857627868652,
    0.15625500679016113,
    0.1562492847442627,
    0.15625691413879395,
    0.14062881469726562,
    0.14063501358032227,
    0.15625572204589844,
    0.15625596046447754,
    0.15624761581420898,
    0.14063119888305664,
    0.14063000679016113,
    0.15625691413879395,
    0.15625214576721191,
    0.15625596046447754,
    0.15625333786010742,
    0.1406240463256836,
    0.14062714576721191,
    0.1562509536743164,
    0.1562507152557373,
    0.15625977516174316,
    0.15625500679016113,
    0.14063143730163574,
    0.1406257152557373,
    0.15625286102294922,
    0.1562502384185791,
    0.15626025199890137,
    0.1406266689300537,
    0.14062833786010742,
    0.1562504768371582,
    0.15626025199890137,
    0.1562504768371582,
    0.14063119888305664,
    0.1406259536743164,
    0.1562509536743164,
    0.15625405311584473,
    0.15625858306884766,
    0.15625452995300293,
    0.14062714576721191,
    0.14062118530273438,
    0.1562507152557373,
    0.1562516689300537,
    0.15625500679016113,
    0.15625524520874023,
    0.15625381469726562,
    0.15625500679016113,
    0.14062714576721191,
    0.15625548362731934,
    0.15625429153442383,
    0.15625262260437012,
    0.1562514305114746,
    0.15625500679016113,
    0.14063310623168945,
    0.1562514305114746,
    0.15625452995300293,
    0.15624785423278809,
    0.15625691413879395,
    0.14063048362731934,
    0.1406264305114746,
    0.15625834465026855,
    0.15625381469726562,
    0.1562492847442627,
    0.15625667572021484,
    0.1562507152557373,
    0.14062905311584473,
    0.14062976837158203,
    0.15624690055847168,
    0.15626072883605957,
    0.15624737739562988,
    0.15625977516174316,
    0.1562511920928955,
    0.14063072204589844,
    0.14062714576721191,
    0.15625643730163574,
    0.15625381469726562,
    0.15625309944152832,
    0.15095019340515137,
    0.15625834465026855,
    0.1562504768371582,
    0.15625691413879395,
    0.1406385898590088,
    0.14063620567321777,
    0.1562490463256836,
    0.15625691413879395,
    0.1562511920928955,
    0.15625739097595215,
    0.15625,
    0.15625953674316406,
    0.1406264305114746,
    0.15625429153442383,
    0.15625596046447754,
    0.1562514305114746,
    0.15625309944152832,
    0.15625858306884766,
    0.1562495231628418,
    0.15625238418579102,
    0.14062881469726562
  ],