{
  "simulation_total": 51.3395881652832,
  "iteration_times": [
    0.156266450881958,
    0.17186784744262695,
    0.17188096046447754,
    0.1718742847442627,
    0.17188453674316406,
    0.1718766689300537,
    0.15624523162841797,
    0.1718761920928955,
    0.17188310623168945,
    0.17188167572021484,
    0.1718888282775879,
    0.1718761920928955,
    0.17186760902404785,
    0.17188620567321777,
    0.17187261581420898,
    0.17188048362731934,
    0.17187952995300293,
    0.17188715934753418,
    0.17187142372131348,
    0.1718747615814209,
    0.17188310623168945,
    0.17188239097595215,
    0.18750357627868652,
    0.17187952995300293,
    0.1718752384185791,
    0.17188000679016113,
    0.17188549041748047,
    0.17187809944152832,
    0.17188024520874023,
    0.17187881469726562,
    0.17188239097595215,
    0.1718761920928955,
    0.1718769073486328,
    0.17188286781311035,
    0.17188167572021484,
    0.171875,
    0.17187905311584473,
    0.1718761920928955,
    0.1718769073486328,
    0.17188405990600586,
    0.17188119888305664,
    0.17188239097595215,
    0.17188262939453125,
    0.17188191413879395,
    0.17187738418579102,
    0.18750309944152832,
    0.17187857627868652,
    0.17187833786010742,
    0.17188096046447754,
    0.17188096046447754,
    0.1718764305114746,
    0.17187237739562988,
    0.17188382148742676,
    0.1718764305114746,
    0.17187976837158203,
    0.17188167572021484,
    0.17188119888305664,
    0.171875,
    0.17188310623168945,
    0.17188167572021484,
    0.17187881469726562,
    0.17187786102294922,
    0.17187786102294922,
    0.17188334465026855,
    0.17187881469726562,
    0.18750333786010742,
    0.17187738418579102,
    0.17188358306884766,
    0.17188072204589844,
    0.1718740463256836,
    0.17187809944152832,
    0.17188024520874023,
    0.1718754768371582,
    0.17188334465026855,
    0.17187237739562988,
    0.17187929153442383,
    0.17188739776611328,
    0.17187190055847168,
    0.18750262260437012,
    0.17188334465026855,
    0.17187738418579102,
    0.17187952995300293,
    0.1875009536743164,
    0.17188310623168945,
    0.17187929153442383,
    0.17187857627868652,
    0.17186784744262695,
    0.17188286781311035,
    0.17188072204589844,
    0.17187285423278809,
    0.17187047004699707,
    0.17187952995300293,
    0.17188239097595215,
    0.17188358306884766,
    0.17187261581420898,
    0.1718769073486328,
    0.17188453674316406,
    0.1718766689300537,
    0.17187976837158203,
    0.17188334465026855,
    0.1874997615814209,
    0.17188405990600586,
    0.17187786102294922,
    0.1875016689300537,
    0.17188358306884766,
    0.1718764305114746,
    0.17188286781311035,
    0.1875007152557373,
    0.1718769073486328,
    0.17188382148742676,
    0.18750262260437012,
    0.17188215255737305,
    0.17187929153442383,
    0.17187929153442383,
    0.17188239097595215,
    0.1718745231628418,
    0.17188072204589844,
    0.18750810623168945,
    0.1718747615814209,
    0.17188358306884766,
    0.17188453674316406,
    0.17187714576721191,
    0.17188191413879395,
    0.1875019073486328,
    0.17188501358032227,
    0.1718742847442627,
    0.18750429153442383,
    0.17188000679016113,
    0.17187881469726562,
    0.17188405990600586,
    0.17186856269836426,
    0.17188477516174316,
    0.17187714576721191,
    0.18750572204589844,
    0.17187929153442383,
    0.1718764305114746,
    0.17187023162841797,
    0.17188239097595215,
    0.17188000679016113,
    0.1718757152557373,
    0.17187714576721191,
    0.1718764305114746,
    0.17187881469726562,
    0.1718752384185791,
    0.17188239097595215,
    0.1718738079071045,
    0.1718761920928955,
    0.17188477516174316,
    0.17187809944152832,
    0.17187762260437012,
    0.17187809944152832,
    0.18750715255737305,
    0.17187762260437012,
    0.18750905990600586,
    0.17187857627868652,
    0.18750500679016113,
    0.17187714576721191,
    0.17188501358032227,
    0.1875019073486328,
    0.17187905311584473,
    0.17188000679016113,
    0.18750333786010742,
    0.1718761920928955,
    0.17188358306884766,
    0.18750333786010742,
    0.171875,
    0.17188143730163574,
    0.17188453674316406,
    0.17187738418579102,
    0.18750452995300293,
    0.17188191413879395,
    0.17187809944152832,
    0.18751096725463867,
    0.17186903953552246,
    0.17188405990600586,
    0.18750524520874023,
    0.171875,
    0.18750476837158203,
    0.1718900203704834,
    0.17186880111694336,
    0.18752193450927734,
    0.17186737060546875,
    0.1718759536743164,
    0.17188191413879395,
    0.17188119888305664,
    0.18750262260437012,
    0.17187833786010742,
    0.17187952995300293,
    0.17187881469726562,
    0.17188096046447754,
    0.1718735694885254,
    0.17187881469726562,
    0.17187857627868652,
    0.18750548362731934,
    0.17187952995300293,
    0.17187786102294922,
    0.18750214576721191,
    0.17188429832458496,
    0.18750333786010742,
    0.17187905311584473,
    0.18750262260437012,
    0.35941147804260254,
    0.28125,
    0.18749332427978516,
    0.17188000679016113,
    0.17188072204589844,
    0.17187714576721191,
    0.18750500679016113,
    0.17188024520874023,
    0.17188072204589844,
    0.17187952995300293,
    0.1718759536743164,
    0.18750858306884766,
    0.17187833786010742,
    0.1718764305114746,
    0.17187786102294922,
    0.1718759536743164,
    0.18750500679016113,
    0.17188715934753418,
    0.1718742847442627,
    0.1718764305114746,
    0.1875009536743164,
    0.17188739776611328,
    0.1718735694885254,
    0.17188239097595215,
    0.18750381469726562,
    0.17187881469726562,
    0.18750405311584473,
    0.17188119888305664,
    0.17187118530273438,
    0.17187786102294922,
    0.17188119888305664,
    0.1874988079071045,
    0.17188501358032227,
    0.17187881469726562,
    0.17188000679016113,
    0.17187952995300293,
    0.17186427116394043,
    0.17188239097595215,
    0.1874997615814209,
    0.17188119888305664,
    0.18750739097595215,
    0.17188000679016113,
    0.17188024520874023,
    0.17188334465026855,
    0.171875,
    0.17187762260437012,
    0.17188501358032227,
    0.17188501358032227,
    0.17188096046447754,
    0.18750572204589844,
    0.17188072204589844,
    0.1874988079071045,
    0.17188405990600586,
    0.1875007152557373,
    0.17187929153442383,
    0.17188286781311035,
    0.17188000679016113,
    0.171875,
    0.18751144409179688,
    0.17187738418579102,
    0.18750452995300293,
    0.17188310623168945,
    0.1875002384185791,
    0.17187714576721191,
    0.18750429153442383,
    0.17188477516174316,
    0.17187833786010742,
    0.17188024520874023,
    0.17187833786010742,
    0.16640162467956543,
    0.18750762939453125,
    0.1718757152557373,
    0.18750286102294922,
    0.18750619888305664,
    0.17187166213989258,
    0.17188453674316406,
    0.1874997615814209,
    0.1718769073486328,
    0.18750429153442383,
    0.17188453674316406,
    0.18750572204589844,
    0.17188143730163574,
    0.1875,
    0.17188072204589844,
    0.18750214576721191,
    0.17188000679016113,
    0.18750643730163574
  ],