{
  "simulation_total": 39.93306374549866,
  "iteration_times": [
    0.1250004768371582,
    0.14063215255737305,
    0.1250007152557373,
    0.12499761581420898,
    0.14063525199890137,
    0.1250016689300537,
    0.1249990463256836,
    0.14063191413879395,
    0.12500286102294922,
    0.1250009536743164,
    0.14063072204589844,
    0.1249990463256836,
    0.12500762939453125,
    0.14062833786010742,
    0.1406240463256836,
    0.1406402587890625,
    0.17186665534973145,
    0.12500500679016113,
    0.12499713897705078,
    0.1406261920928955,
    0.14063358306884766,
    0.12500643730163574,
    0.1406238079071045,
    0.1406254768371582,
    0.12500357627868652,
    0.12499785423278809,
    0.14063048362731934,
    0.14062786102294922,
    0.12500500679016113,
    0.14063119888305664,
    0.14062285423278809,
    0.14062714576721191,
    0.12500524520874023,
    0.14062809944152832,
    0.14063358306884766,
    0.1351768970489502,
    0.1406261920928955,
    0.12500524520874023,
    0.12500309944152832,
    0.14063024520874023,
    0.14062809944152832,
    0.1249995231628418,
    0.12499856948852539,
    0.14063119888305664,
    0.1406254768371582,
    0.14062905311584473,
    0.12500786781311035,
    0.14062976837158203,
    0.14062833786010742,
    0.14062285423278809,
    0.12500834465026855,
    0.12500572204589844,
    0.14063072204589844,
    0.14063000679016113,
    0.1250004768371582,
    0.12500715255737305,
    0.14062881469726562,
    0.14063167572021484,
    0.14063072204589844,
    0.14062809944152832,
    0.12499451637268066,
    0.14063191413879395,
    0.14062786102294922,
    0.14063692092895508,
    0.14062237739562988,
    0.12500405311584473,
    0.12500262260437012,
    0.14063072204589844,
    0.1406261920928955,
    0.14063000679016113,
    0.14062738418579102,
    0.12500834465026855,
    0.1249997615814209,
    0.14063096046447754,
    0.14062881469726562,
    0.14062905311584473,
    0.12499737739562988,
    0.12501168251037598,
    0.1406266689300537,
    0.14062857627868652,
    0.14062166213989258,
    0.14063382148742676,
    0.1250014305114746,
    0.14062881469726562,
    0.1406259536743164,
    0.14063382148742676,
    0.1406252384185791,
    0.12500643730163574,
    0.14063096046447754,
    0.14062857627868652,
    0.140625,
    0.14062738418579102,
    0.14062857627868652,
    0.12501144409179688,
    0.12500286102294922,
    0.14062857627868652,
    0.14062094688415527,
    0.14063048362731934,
    0.14062857627868652,
    0.14063239097595215,
    0.12500619888305664,
    0.1406264305114746,
    0.14062166213989258,
    0.14063429832458496,
    0.14063000679016113,
    0.1250019073486328,
    0.1250014305114746,
    0.14062714576721191,
    0.14063072204589844,
    0.14062261581420898,
    0.14062881469726562,
    0.12500882148742676,
    0.12499809265136719,
    0.14063215255737305,
    0.14062857627868652,
    0.14062738418579102,
    0.14063024520874023,
    0.1249995231628418,
    0.12499642372131348,
    0.1406269073486328,
    0.14063239097595215,
    0.1406257152557373,
    0.14062714576721191,
    0.12500429153442383,
    0.12500476837158203,
    0.1406247615814209,
    0.14062952995300293,
    0.14063096046447754,
    0.14062714576721191,
    0.1406242847442627,
    0.12500786781311035,
    0.12500381469726562,
    0.14062833786010742,
    0.1406252384185791,
    0.14062809944152832,
    0.14063286781311035,
    0.14062857627868652,
    0.1249990463256836,
    0.12500357627868652,
    0.12499570846557617,
    0.1249995231628418,
    0.14063239097595215,
    0.14062929153442383,
    0.1406257152557373,
    0.14063119888305664,
    0.14062976837158203,
    0.14062809944152832,
    0.14063119888305664,
    0.12499785423278809,
    0.12500524520874023,
    0.14063286781311035,
    0.14062714576721191,
    0.14062714576721191,
    0.14063787460327148,
    0.14062261581420898,
    0.14062952995300293,
    0.14063000679016113,
    0.14062285423278809,
    0.14063239097595215,
    0.1406247615814209,
    0.14063286781311035,
    0.12500381469726562,
    0.12500596046447754,
    0.14063262939453125,
    0.140625,
    0.14063000679016113,
    0.14062905311584473,
    0.14062714576721191,
    0.14063072204589844,
    0.1249990463256836,
    0.12500500679016113,
    0.14063000679016113,
    0.14062738418579102,
    0.14062833786010742,
    0.14063072204589844,
    0.14063262939453125,
    0.14062237739562988,
    0.14062976837158203,
    0.12500786781311035,
    0.12499737739562988,
    0.1250002384185791,
    0.14063215255737305,
    0.14062809944152832,
    0.14062952995300293,
    0.1406242847442627,
    0.14062714576721191,
    0.14062976837158203,
    0.12500596046447754,
    0.12500619888305664,
    0.14062285423278809,
    0.14063215255737305,
    0.14062881469726562,
    0.1406247615814209,
    0.14063000679016113,
    0.14062738418579102,
    0.14063549041748047,
    0.14062762260437012,
    0.12499713897705078,
    0.12499880790710449,
    0.1406269073486328,
    0.14063096046447754,
    0.1406264305114746,
    0.14062976837158203,
    0.1406252384185791,
    0.14062857627868652,
    0.14063167572021484,
    0.1406257152557373,
    0.14062857627868652,
    0.14063191413879395,
    0.12500405311584473,
    0.1249992847442627,
    0.14062976837158203,
    0.1406269073486328,
    0.14062905311584473,
    0.14063167572021484,
    0.14062857627868652,
    0.14063119888305664,
    0.1406266689300537,
    0.1406269073486328,
    0.14063048362731934,
    0.1406266689300537,
    0.14063143730163574,
    0.1406230926513672,
    0.14063215255737305,
    0.12500262260437012,
    0.12499880790710449,
    0.12500667572021484,
    0.14062809944152832,
    0.140625,
    0.14062857627868652,
    0.14063262939453125,
    0.14063119888305664,
    0.1406233310699463,
    0.14062833786010742,
    0.14063096046447754,
    0.14063382148742676,
    0.1406238079071045,
    0.14062976837158203,
    0.14062762260437012,
    0.14063191413879395,
    0.12499880790710449,
    0.12500429153442383,
    0.12500858306884766,
    0.1406269073486328,
    0.14062833786010742,
    0.14062881469726562,
    0.14062881469726562,
    0.1406257152557373,
    0.14062881469726562,
    0.14062857627868652,
    0.14062833786010742,
    0.14062881469726562,
    0.14063262939453125,
    0.1406257152557373,
    0.14062714576721191,
    0.14063239097595215,
    0.14063024520874023,
    0.14062786102294922,
    0.14062714576721191,
    0.14063239097595215,
    0.1406264305114746,
    0.1406240463256836,
    0.14063239097595215,
    0.12500333786010742,
    0.12500238418579102,
    0.12499618530273438,
    0.12500476837158203,
    0.12500977516174316,
    0.1406269073486328,
    0.14062952995300293,
    0.14062762260437012,
    0.14062929153442383,
    0.14063215255737305,
    0.14062285423278809,
    0.14063024520874023,
    0.14063072204589844,
    0.1406230926513672,
    0.14063215255737305,
    0.14062809944152832,
    0.14062857627868652,
    0.1406259536743164,
    0.14062833786010742,
    0.14063072204589844,
    0.12500739097595215,
    0.140625,
    0.14063215255737305,
    0.14063096046447754,
    0.1406252384185791
  ],