{
  "simulation_total": 27.292359828948975,
  "iteration_times": [
    0.07812690734863281,
    0.0937507152557373,
    0.09375381469726562,
    0.09374880790710449,
    0.09375333786010742,
    0.09376955032348633,
    0.09373736381530762,
    0.09374856948852539,
    0.09375691413879395,
    0.09375119209289551,
    0.09375476837158203,
    0.09375810623168945,
    0.09374284744262695,
    0.09375548362731934,
    0.0937502384185791,
    0.09375476837158203,
    0.09375476837158203,
    0.0937502384185791,
    0.09375333786010742,
    0.09375238418579102,
    0.09374666213989258,
    0.09375572204589844,
    0.09375524520874023,
    0.07813096046447754,
    0.07813096046447754,
    0.09375238418579102,
    0.09375119209289551,
    0.1250166893005371,
    0.09374499320983887,
    0.09374761581420898,
    0.09375619888305664,
    0.09374833106994629,
    0.0937495231628418,
    0.09375858306884766,
    0.09375309944152832,
    0.09375238418579102,
    0.09375214576721191,
    0.09375309944152832,
    0.09374523162841797,
    0.09375667572021484,
    0.09375429153442383,
    0.0937507152557373,
    0.09376168251037598,
    0.09374165534973145,
    0.09375238418579102,
    0.09375619888305664,
    0.09375143051147461,
    0.09375214576721191,
    0.0937492847442627,
    0.09375715255737305,
    0.09374785423278809,
    0.09375476837158203,
    0.09375,
    0.07813048362731934,
    0.07812809944152832,
    0.09375286102294922,
    0.09374570846557617,
    0.09375786781311035,
    0.09375524520874023,
    0.09374666213989258,
    0.09375405311584473,
    0.09375429153442383,
    0.09375381469726562,
    0.09374809265136719,
    0.09375166893005371,
    0.09375500679016113,
    0.09375190734863281,
    0.09375476837158203,
    0.09374427795410156,
    0.09376335144042969,
    0.0937492847442627,
    0.09374809265136719,
    0.09375190734863281,
    0.09375596046447754,
    0.09374547004699707,
    0.09375643730163574,
    0.09375596046447754,
    0.09375405311584473,
    0.08846449851989746,
    0.09374523162841797,
    0.09374451637268066,
    0.09375977516174316,
    0.07812762260437012,
    0.09375238418579102,
    0.09375238418579102,
    0.09375143051147461,
    0.0937497615814209,
    0.09375452995300293,
    0.09375333786010742,
    0.09375405311584473,
    0.09375381469726562,
    0.09375190734863281,
    0.09374666213989258,
    0.09375238418579102,
    0.09375238418579102,
    0.09375691413879395,
    0.0937504768371582,
    0.0937507152557373,
    0.0937507152557373,
    0.09375691413879395,
    0.09375381469726562,
    0.09374713897705078,
    0.09375858306884766,
    0.0937490463256836,
    0.0937497615814209,
    0.09375238418579102,
    0.09375572204589844,
    0.09375691413879395,
    0.09375452995300293,
    0.09374356269836426,
    0.09375119209289551,
    0.09375238418579102,
    0.09375572204589844,
    0.09375,
    0.09375667572021484,
    0.09374785423278809,
    0.09375548362731934,
    0.09375262260437012,
    0.09375262260437012,
    0.0937504768371582,
    0.09375262260437012,
    0.09375143051147461,
    0.09375524520874023,
    0.0937495231628418,
    0.09375572204589844,
    0.0937504768371582,
    0.0937492847442627,
    0.0937507152557373,
    0.09375882148742676,
    0.09374761581420898,
    0.09375190734863281,
    0.09375715255737305,
    0.09375286102294922,
    0.09375119209289551,
    0.09375429153442383,
    0.09375476837158203,
    0.1093742847442627,
    0.07812285423278809,
    0.09374856948852539,
    0.07813024520874023,
    0.09375262260437012,
    0.09375357627868652,
    0.09375286102294922,
    0.09375143051147461,
    0.09375333786010742,
    0.09375143051147461,
    0.09375476837158203,
    0.0937490463256836,
    0.09375405311584473,
    0.09374856948852539,
    0.09375476837158203,
    0.09375286102294922,
    0.09375,
    0.09375309944152832,
    0.09375667572021484,
    0.09375119209289551,
    0.09374642372131348,
    0.09375500679016113,
    0.09375333786010742,
    0.09374880790710449,
    0.09453463554382324,
    0.09298324584960938,
    0.09374070167541504,
    0.09375643730163574,
    0.10938596725463867,
    0.09374213218688965,
    0.09375357627868652,
    0.09375286102294922,
    0.09375309944152832,
    0.09375452995300293,
    0.09376215934753418,
    0.09374523162841797,
    0.09375476837158203,
    0.09375786781311035,
    0.09374070167541504,
    0.09375572204589844,
    0.10938262939453125,
    0.09375357627868652,
    0.09375286102294922,
    0.09375238418579102,
    0.09375119209289551,
    0.0937507152557373,
    0.10938096046447754,
    0.09375452995300293,
    0.09375309944152832,
    0.09375166893005371,
    0.09375,
    0.09375452995300293,
    0.09375166893005371,
    0.09375333786010742,
    0.09375619888305664,
    0.09375834465026855,
    0.09374594688415527,
    0.09375166893005371,
    0.09375643730163574,
    0.0937502384185791,
    0.09376692771911621,
    0.10936522483825684,
    0.09375786781311035,
    0.10937762260437012,
    0.09375238418579102,
    0.09375190734863281,
    0.09375500679016113,
    0.0937492847442627,
    0.09375786781311035,
    0.09374880790710449,
    0.09374833106994629,
    0.09375500679016113,
    0.09375572204589844,
    0.09375405311584473,
    0.0937497615814209,
    0.09375333786010742,
    0.0937495231628418,
    0.09376311302185059,
    0.09374713897705078,
    0.09374713897705078,
    0.09376072883605957,
    0.09376263618469238,
    0.09374499320983887,
    0.09374618530273438,
    0.0937507152557373,
    0.09375596046447754,
    0.09375119209289551,
    0.09374856948852539,
    0.09375667572021484,
    0.10937666893005371,
    0.09376406669616699,
    0.09374260902404785,
    0.09375929832458496,
    0.10937118530273438,
    0.09375667572021484,
    0.09375238418579102,
    0.09374880790710449,
    0.09375286102294922,
    0.09375572204589844,
    0.09375452995300293,
    0.0937490463256836,
    0.09375238418579102,
    0.09375476837158203,
    0.09375739097595215,
    0.09375596046447754,
    0.0937509536743164,
    0.09375786781311035,
    0.09375238418579102,
    0.09374451637268066,
    0.09375977516174316,
    0.09375262260437012,
    0.09375214576721191,
    0.09375572204589844,
    0.09374761581420898,
    0.0937492847442627,
    0.09375882148742676,
    0.10938119888305664,
    0.09374833106994629,
    0.09375286102294922,
    0.09375572204589844,
    0.0937492847442627,
    0.09375643730163574,
    0.09375476837158203,
    0.09375238418579102,
    0.0937492847442627,
    0.09375309944152832,
    0.09375524520874023,
    0.09375214576721191,
    0.09375524520874023,
    0.09375119209289551,
    0.09375429153442383,
    0.09375500679016113,
    0.09375190734863281,
    0.09375309944152832,
    0.09375524520874023,
    0.09375190734863281,
    0.09375262260437012,
    0.09374690055847168,
    0.09376025199890137,
    0.0937495231628418,
    0.09375286102294922,
    0.09375524520874023,
    0.0937502384185791,
    0.0937492847442627,
    0.09375643730163574,
    0.09375500679016113,
    0.09375381469726562,
    0.09375119209289551,
    0.0937504768371582,
    0.09375643730163574,
    0.0937497615814209,
    0.09375596046447754
  ],