{
  "simulation_total": 26.016282320022583,
  "iteration_times": [
    0.07812047004699707,
    0.0781247615814209,
    0.09375667572021484,
    0.0937492847442627,
    0.07812952995300293,
    0.09375286102294922,
    0.09375190734863281,
    0.07812786102294922,
    0.0937507152557373,
    0.09375452995300293,
    0.07812666893005371,
    0.0937495231628418,
    0.09375405311584473,
    0.07812976837158203,
    0.07812690734863281,
    0.09375381469726562,
    0.0937504768371582,
    0.07812118530273438,
    0.09375572204589844,
    0.09375238418579102,
    0.07812976837158203,
    0.09375333786010742,
    0.09375214576721191,
    0.07812905311584473,
    0.07813048362731934,
    0.09375977516174316,
    0.09374856948852539,
    0.0781242847442627,
    0.09375119209289551,
    0.07812666893005371,
    0.07812643051147461,
    0.09375190734863281,
    0.0937504768371582,
    0.07812929153442383,
    0.09375119209289551,
    0.0937504768371582,
    0.07812619209289551,
    0.09375452995300293,
    0.09375381469726562,
    0.07812309265136719,
    0.07813668251037598,
    0.09373831748962402,
    0.09375548362731934,
    0.0781245231628418,
    0.09375381469726562,
    0.1093893051147461,
    0.09374022483825684,
    0.09375929832458496,
    0.09374547004699707,
    0.07812738418579102,
    0.09375405311584473,
    0.0937495231628418,
    0.09375619888305664,
    0.07812333106994629,
    0.09375643730163574,
    0.09375286102294922,
    0.09375166893005371,
    0.0781254768371582,
    0.09375476837158203,
    0.09375143051147461,
    0.07813358306884766,
    0.09374165534973145,
    0.0937643051147461,
    0.07811975479125977,
    0.07812929153442383,
    0.0937492847442627,
    0.09375190734863281,
    0.0781240463256836,
    0.07813143730163574,
    0.09375452995300293,
    0.09375190734863281,
    0.07812666893005371,
    0.09374880790710449,
    0.0937495231628418,
    0.09375977516174316,
    0.078125,
    0.0937509536743164,
    0.09375262260437012,
    0.09375619888305664,
    0.0781257152557373,
    0.09375166893005371,
    0.0937495231628418,
    0.09375524520874023,
    0.0781247615814209,
    0.09375429153442383,
    0.09375619888305664,
    0.0781242847442627,
    0.0937495231628418,
    0.09375262260437012,
    0.09375381469726562,
    0.07813143730163574,
    0.0937495231628418,
    0.09374618530273438,
    0.09375953674316406,
    0.07812666893005371,
    0.0937502384185791,
    0.09375429153442383,
    0.07812619209289551,
    0.07813048362731934,
    0.0937509536743164,
    0.0937497615814209,
    0.09375500679016113,
    0.07812213897705078,
    0.09375548362731934,
    0.09375429153442383,
    0.09375476837158203,
    0.09375190734863281,
    0.07812237739562988,
    0.09375262260437012,
    0.09375286102294922,
    0.07812952995300293,
    0.09375357627868652,
    0.09374761581420898,
    0.09375691413879395,
    0.09375357627868652,
    0.078125,
    0.09375166893005371,
    0.09375309944152832,
    0.09374880790710449,
    0.07812643051147461,
    0.09375762939453125,
    0.09375238418579102,
    0.09375381469726562,
    0.07812952995300293,
    0.0937492847442627,
    0.0937507152557373,
    0.09375262260437012,
    0.09375190734863281,
    0.07812714576721191,
    0.09374690055847168,
    0.09375810623168945,
    0.07812690734863281,
    0.0781257152557373,
    0.0937492847442627,
    0.09375500679016113,
    0.07812738418579102,
    0.07814383506774902,
    0.09374523162841797,
    0.0937504768371582,
    0.0781257152557373,
    0.07811903953552246,
    0.09375524520874023,
    0.09375262260437012,
    0.09375309944152832,
    0.07812619209289551,
    0.09375476837158203,
    0.0937490463256836,
    0.09376287460327148,
    0.09373974800109863,
    0.07812809944152832,
    0.09375309944152832,
    0.09375119209289551,
    0.09375619888305664,
    0.0781254768371582,
    0.07812380790710449,
    0.09377026557922363,
    0.09373855590820312,
    0.09374761581420898,
    0.07812714576721191,
    0.09375452995300293,
    0.09375333786010742,
    0.09375357627868652,
    0.09374880790710449,
    0.0781245231628418,
    0.09375786781311035,
    0.09374880790710449,
    0.09375309944152832,
    0.07813048362731934,
    0.07812833786010742,
    0.0937495231628418,
    0.09375429153442383,
    0.09375190734863281,
    0.07812142372131348,
    0.09375977516174316,
    0.09374713897705078,
    0.09375643730163574,
    0.09375548362731934,
    0.09374618530273438,
    0.07813358306884766,
    0.09374547004699707,
    0.09375333786010742,
    0.09375596046447754,
    0.0937504768371582,
    0.07812833786010742,
    0.09375238418579102,
    0.09375214576721191,
    0.09375524520874023,
    0.07813143730163574,
    0.0781245231628418,
    0.09375429153442383,
    0.09375119209289551,
    0.0937504768371582,
    0.09375500679016113,
    0.0781257152557373,
    0.09375548362731934,
    0.09374737739562988,
    0.09375905990600586,
    0.0781240463256836,
    0.07813167572021484,
    0.09375,
    0.09375572204589844,
    0.0937504768371582,
    0.09375357627868652,
    0.09374523162841797,
    0.09375596046447754,
    0.07812952995300293,
    0.09375190734863281,
    0.093841552734375,
    0.09366011619567871,
    0.09375190734863281,
    0.09375691413879395,
    0.09375166893005371,
    0.09375262260437012,
    0.07812333106994629,
    0.09375238418579102,
    0.09375548362731934,
    0.09375286102294922,
    0.09375309944152832,
    0.09374833106994629,
    0.07812690734863281,
    0.09375238418579102,
    0.09375214576721191,
    0.09375524520874023,
    0.09375214576721191,
    0.0781245231628418,
    0.09375596046447754,
    0.09375143051147461,
    0.0937497615814209,
    0.09375667572021484,
    0.09374785423278809,
    0.07812952995300293,
    0.0937497615814209,
    0.09375572204589844,
    0.09375381469726562,
    0.09374809265136719,
    0.09375166893005371,
    0.07813239097595215,
    0.09374737739562988,
    0.09375262260437012,
    0.09376764297485352,
    0.09373831748962402,
    0.09375500679016113,
    0.07812762260437012,
    0.09374809265136719,
    0.09375667572021484,
    0.09374833106994629,
    0.09375119209289551,
    0.07813167572021484,
    0.07812047004699707,
    0.09375238418579102,
    0.0937662124633789,
    0.09374070167541504,
    0.09375190734863281,
    0.0781259536743164,
    0.07811617851257324,
    0.09375238418579102,
    0.09375524520874023,
    0.09376168251037598,
    0.09374475479125977,
    0.09376287460327148,
    0.09373974800109863,
    0.07813739776611328,
    0.09374141693115234,
    0.09375214576721191,
    0.09375190734863281,
    0.09375143051147461,
    0.09375524520874023,
    0.07812881469726562,
    0.09375190734863281,
    0.09374856948852539,
    0.0937502384185791,
    0.09375572204589844,
    0.0937507152557373,
    0.07812881469726562,
    0.0937504768371582,
    0.09375286102294922,
    0.09375190734863281,
    0.09375500679016113,
    0.09375190734863281,
    0.07813739776611328,
    0.0781245231628418,
    0.09375286102294922,
    0.09374737739562988,
    0.09375190734863281,
    0.09375667572021484,
    0.09375238418579102,
    0.09375,
    0.07812881469726562
  ],