{
  "grid_sizes": [
    14,
    24,
    30,
    39,
    96,
    118,
    300
  ],
  "grid_names": [
    "IEEE 14",
    "IEEE 24",
    "IEEE 30",
    "IEEE 39",
    "IEEE 96",
    "IEEE 118",
    "IEEE 300"
  ],
  "base_times": [
    148.6230325,
    167.62339779999996,
    169.9410987,
    177.723698,
    247.56689149999988,
    323.3407821999999,
    538.0659699000003
  ],
  "wec_times": [
    150.38443209999997,
    169.9516193999999,
    172.39919179999993,
    180.2159501000001,
    250.53649840000003,
    327.3704247999999,
    544.8671904999997
  ],
  "wec_overhead_pct": [
    1.185145781492499,
    1.3889597935354283,
    1.4464382770287034,
    1.4023183897513132,
    1.199516979838213,
    1.2462525056636637,
    1.2640124037696356
  ]
}