{
  "simulation_total": 5.203291654586792,
  "iteration_times": [
    0.5156478881835938,
    0.5156347751617432,
    0.5156502723693848,
    0.5625150203704834,
    0.5156421661376953,
    0.5156350135803223,
    0.5156478881835938,
    0.515655517578125,
    0.5156183242797852,
    0.5156447887420654
  ],
  "solve_powerflow_times": [
    0.4218916893005371,
    0.4062628746032715,
    0.4062681198120117,
    0.46875667572021484,
    0.4062645435333252,
    0.4062614440917969,
    0.4062678813934326,
    0.40625572204589844,
    0.40624403953552246,
    0.40627121925354004
  ],
  "take_snapshot_times": [
    0.09375619888305664,
    0.10937190055847168,
    0.10938215255737305,
    0.09375834465026855,
    0.10937762260437012,
    0.10937356948852539,
    0.10938000679016113,
    0.10939979553222656,
    0.1093742847442627,
    0.10937356948852539
  ]
}