{
  "simulation_total": 0.8750307559967041,
  "iteration_times": [
    0.07812666893005371,
    0.09375500679016113,
    0.07813048362731934,
    0.09375143051147461,
    0.09375429153442383,
    0.07812261581420898,
    0.09375882148742676,
    0.07812190055847168,
    0.09375715255737305,
    0.09375238418579102
  ],
  "solve_powerflow_times": [
    0.0,
    0.0,
    0.0,
    0.01562643051147461,
    0.0,
    0.0,
    0.0,
    0.0,
    0.015631914138793945,
    0.0
  ],
  "take_snapshot_times": [
    0.07812666893005371,
    0.09375500679016113,
    0.07813048362731934,
    0.078125,
    0.09375429153442383,
    0.07812261581420898,
    0.09375882148742676,
    0.07812190055847168,
    0.0781252384185791,
    0.09375238418579102
  ]
}