{
  "simulation_total": 0.9219040870666504,
  "iteration_times": [
    0.07812952995300293,
    0.0937504768371582,
    0.0937490463256836,
    0.09375572204589844,
    0.09375715255737305,
    0.0937497615814209,
    0.09375953674316406,
    0.09374117851257324,
    0.09375166893005371,
    0.09376001358032227
  ],
  "solve_powerflow_times": [
    0.0,
    0.015628814697265625,
    0.015631437301635742,
    0.015626907348632812,
    0.015633583068847656,
    0.0,
    0.0,
    0.0,
    0.0,
    0.0
  ],
  "take_snapshot_times": [
    0.07812952995300293,
    0.07812166213989258,
    0.07811760902404785,
    0.07812881469726562,
    0.07812356948852539,
    0.0937497615814209,
    0.09375953674316406,
    0.09374117851257324,
    0.09375166893005371,
    0.09376001358032227
  ]
}