{
  "simulation_total": 5.135335922241211,
  "iteration_times": [
    0.5000169277191162,
    0.515636682510376,
    0.5156412124633789,
    0.515643835067749,
    0.5156447887420654,
    0.5156407356262207,
    0.5156409740447998,
    0.510188102722168,
    0.5156493186950684,
    0.5156333446502686
  ],
  "solve_powerflow_times": [
    0.4062659740447998,
    0.406264066696167,
    0.4062681198120117,
    0.4062633514404297,
    0.40626096725463867,
    0.4062623977661133,
    0.4062623977661133,
    0.40080952644348145,
    0.406264066696167,
    0.40625786781311035
  ],
  "take_snapshot_times": [
    0.0937509536743164,
    0.10937261581420898,
    0.10937309265136719,
    0.10938048362731934,
    0.10938382148742676,
    0.10937833786010742,
    0.10937857627868652,
    0.10937857627868652,
    0.10938525199890137,
    0.1093754768371582
  ]
}